<?xml version="1.0" encoding="utf-8" ?>
<Patch>

	<Operation Class="PatchOperationReplace">
		<xpath>/Defs/IncidentDef[defName="ToxicFallout"]/category/text()</xpath>
		<value>ThreatSmall</value>
	</Operation>
	<Operation Class="PatchOperationReplace">
		<xpath>/Defs/IncidentDef[defName="VolcanicWinter"]/category/text()</xpath>
		<value>ThreatSmall</value>
	</Operation>
	<Operation Class="PatchOperationReplace">
		<xpath>/Defs/IncidentDef[defName="ColdSnap"]/category/text()</xpath>
		<value>ThreatSmall</value>
	</Operation>
	<Operation Class="PatchOperationReplace">
		<xpath>/Defs/IncidentDef[defName="HeatWave"]/category/text()</xpath>
		<value>ThreatSmall</value>
	</Operation>
	<Operation Class="PatchOperationReplace">
		<xpath>/Defs/IncidentDef[defName="CropBlight"]/category/text()</xpath>
		<value>ThreatSmall</value>
	</Operation>
	<Operation Class="PatchOperationReplace">
		<xpath>/Defs/IncidentDef[defName="ShortCircuit"]/category/text()</xpath>
		<value>ThreatSmall</value>
	</Operation>
	
	<Operation Class="PatchOperationReplace">
		<xpath>/Defs/IncidentDef[defName="AnimalInsanitySingle"]/baseChance/text()</xpath>
		<value>6</value>
	</Operation>
	<Operation Class="PatchOperationReplace">
		<xpath>/Defs/IncidentDef[defName="AnimalInsanitySingle"]/minRefireDays/text()</xpath>
		<value>0</value>
	</Operation>
	
</Patch>

